lng,lat,viliage,ELEMID,date,level,vnum,inum
109.01981,34.671785,咸东社区,6100003767,20211222,1,3,0
108.939786,34.671785,新兴社区,6100003778,20211222,1,3,0
108.971866,34.671785,省委机关社区,#N/A,20211222,1,2,0
108.853073,34.671785,西纺社区,6100016289,20211222,1,2,0
109.231491,34.671785,荆塬社区,#N/A,20211222,1,2,0
109.229693,34.667722,铁路社区,6100015937,20211222,1,2,0
109.228996,34.667528,胜利街社?6100017043,20211222,1,2,0,
109.241063,34.667358,前进东路社区,6100016969,20211222,1,2,0
109.234106,34.665866,公园街社?6100017039,20211222,1,2,0,
109.224166,34.665689,延凤社区,6100017028,20211222,1,2,0
109.239112,34.66358,航苑社区,6100017038,20211222,1,2,0
109.228104,34.663453,文化路社?6100017041,20211222,1,2,0,
109.223235,34.662073,凤凰东路社区,6100017046,20211222,1,2,0
109.25221,34.662049,福美社区,6100017044,20211222,1,2,0
109.231545,34.660722,科苑社区,6100017042,20211222,1,2,0
109.223802,34.660603,竹苑社区,6100016956,20211222,1,2,0
109.413489,34.660205,水寨村委?#N/A,20211222,1,2,0,
109.204297,34.660157,皇冠社区,6100017031,20211222,1,2,0
109.217195,34.65983,迎宾社区,6100017029,20211222,1,2,0
109.217512,34.659814,凤凰街社?6100017030,20211222,1,2,0,
109.227633,34.659177,佳苑社区,6100017045,20211222,1,2,0
109.238642,34.658657,润天花苑社区,6100017037,20211222,1,2,0
109.236391,34.658026,同飞社区,6100017036,20211222,1,2,0
109.230599,34.656177,兴飞社区,6100017035,20211222,1,2,0
109.237178,34.655139,凌云社区,6100016954,20211222,1,2,0
109.240899,34.653305,红旗社区,6100016436,20211222,1,2,0
109.220951,34.652098,航飞社区,6100017047,20211222,1,2,0
109.219209,34.648839,鸿飞社区,6100017033,20211222,1,2,0
109.214235,34.647854,蓝天路社?6100017032,20211222,1,2,0,
109.146107,34.618289,徐杨社区,6100016186,20211222,1,2,0
109.386765,34.616081,相桥社区,6100016100,20211222,1,2,0
109.227852,34.585419,栎阳社区,6100016094,20211222,1,2,0
109.388403,34.556392,油槐社区,6100016003,20211222,1,2,0
109.296972,34.549632,交口社区,6100016108,20211222,1,2,0
109.183016,34.537655,新街社区,6100016093,20211222,1,2,0
109.090343,34.537223,城区社区,6100017134,20211222,1,3,0
109.100501,34.535866,鹿祥社区,6100017068,20211222,1,3,0
109.101351,34.526246,昭慧社区,6100017091,20211222,1,3,0
109.088809,34.526156,南新社区,6100004588,20211222,1,3,0
109.087224,34.524806,上林社区,6100017093,20211222,1,3,0
109.084794,34.517881,鹿苑社区,#N/A,20211222,1,3,0
109.327267,34.515248,何寨社区,6100016008,20211222,1,2,0
109.248276,34.511725,雨金社区,6100016136,20211222,1,2,0
109.021592,34.501005,崇皇社区,6100017094,20211222,1,3,0
108.986953,34.499656,陕汽路社?6100017129,20211222,1,3,0,
109.001991,34.492375,姬家管委?#N/A,20211222,1,3,0,
109.242886,34.490267,任留社区,6100016163,20211222,1,2,0
108.998151,34.489545,泾渭路社?6100017122,20211222,1,3,0,
109.042774,34.478034,泾渭观澜社区,6100017092,20211222,1,3,0
109.367304,34.476395,零口社区,6100225061,20211222,1,2,0
109.013932,34.462936,泾环南路社区,6100017121,20211222,1,3,0
109.030605,34.462625,泾欣园社?6100017052,20211222,1,3,0,
109.007748,34.461861,泾渭苑社?#N/A,20211222,1,3,0,
109.18154,34.456239,北田社区,#N/A,20211222,1,2,0
108.984589,34.451573,泾渭西路社区,6100019439,20211222,1,3,0
109.017014,34.450515,泾渭东路社区,6100017120,20211222,1,3,0
108.997123,34.448111,龙凤园社?#N/A,20211222,1,3,0,
108.987098,34.444294,泾渭中路社区,6100017123,20211222,1,3,0
109.274616,34.427737,老街社区,6100016026,20211222,1,2,0
109.28204,34.425872,铁路社区,6100015937,20211222,1,2,0
109.272736,34.421803,庆山路社?6100016149,20211222,1,2,0,
108.984783,34.408429,长庆湖滨花园社区,6100016428,20211222,1,3,0
109.144104,34.405756,西泉社区,6100015985,20211222,1,2,0
109.39065,34.40462,马街社区,6100016147,20211222,1,2,0
109.017346,34.402942,西航花园社区,#N/A,20211222,1,2,0
109.205282,34.401849,行者社?6100016184,20211222,1,2,0,
108.965697,34.398782,华山分厂社区,6100016244,20211222,1,3,0
109.297744,34.395358,代西社区,6100016092,20211222,1,2,0
109.301494,34.394994,陕鼓社区,6100015930,20211222,1,2,0
108.992956,34.394836,王家堡社?6100016362,20211222,1,3,0,
108.992623,34.394037,新房社区,6100016358,20211222,1,3,0
109.305994,34.393837,代东社区,6100016179,20211222,1,2,0
108.98383,34.392979,景家堡社?6100016415,20211222,1,3,0,
109.447079,34.392587,铁炉社区,6100015936,20211222,1,2,0
108.962878,34.392448,草一社区,6100016412,20211222,1,3,0
108.995451,34.390241,文家社区,6100016409,20211222,1,3,0
108.967795,34.390076,草滩社区,#N/A,20211222,1,3,0
108.979119,34.389508,长庆未央湖花园社?6100016410,20211222,2,3,0,
108.972834,34.389347,草二社区,6100016414,20211222,1,3,0
109.212659,34.387722,火车站社?6100016016,20211222,1,2,0,
109.239943,34.387446,秦陵新村社区,6100016148,20211222,1,2,0
109.213906,34.386277,西关社区,6100016091,20211222,1,2,0
108.989841,34.386117,小滩社区,6100016411,20211222,1,3,0
109.215229,34.384162,北关社区,6100016120,20211222,1,2,0
109.237689,34.383503,秦陵社区,6100016180,20211222,1,2,0
109.200743,34.382551,石油生活城社?6100015940,20211222,1,2,0,
109.266353,34.382491,标缝社区,#N/A,20211222,1,2,0
108.97608,34.382306,陕西科技大学沁园社区,6100016341,20211222,1,3,0
109.222281,34.381043,开发区社区,6100016112,20211222,1,2,0
109.212976,34.377176,姜寨社区,6100016106,20211222,1,2,0
108.967309,34.376673,杜家堡社?6100016234,20211222,1,3,0,
109.228127,34.374144,东关社区,6100003849,20211222,1,2,0
108.916587,34.373057,长乐西苑社区,6100016377,20211222,1,3,0
108.952958,34.372955,长乐东苑第一社区,6100016397,20211222,1,3,0
108.9529,34.372779,长乐东苑第二社区,6100016258,20211222,1,3,0
109.205469,34.372588,西铁社区,6100015986,20211222,1,2,0
109.08165,34.372201,贺韶村委?#N/A,20211222,1,2,0,
108.959224,34.369795,草镇社区,#N/A,20211222,1,3,0
109.210564,34.369535,西大街社?6100015945,20211222,1,2,0,
109.216354,34.369279,东大街社?6100003860,20211222,1,2,0,
108.968864,34.369224,老洼滩社?6100016375,20211222,1,3,0,
109.175377,34.368449,斜口社区,6100016104,20211222,1,2,0
109.224521,34.36787,华清社区,6100003832,20211222,1,2,0
108.953168,34.367838,吕小寨社?6100016376,20211222,1,3,0,
109.170153,34.366655,谭家新家园社?6100235010,20211222,1,3,0,
109.172523,34.366442,斜口骊山新家园社?6100016027,20211222,1,2,0,
108.870725,34.365448,西安现代农业社区,#N/A,20211222,1,3,0
109.373118,34.365113,穆寨社区,6100016037,20211222,1,2,0
108.931806,34.363402,南党社区,6100016337,20211222,1,3,0
109.202258,34.363105,疗区社区,6100016031,20211222,1,2,0
108.928448,34.3611171,经开?#N/A,20211222,1,3,0,
108.975478,34.360672,徐家湾社?6100016336,20211222,1,3,0,
108.980732,34.355902,庙张姚社?6100016437,20211222,1,3,0,
108.957421,34.355811,河址西社?6100016334,20211222,1,3,0,
109.001059,34.355623,袁雒社区,6100016326,20211222,1,3,0
108.980399,34.355115,联合社区,6100016355,20211222,1,3,0
108.943725,34.354604,蔡家社区,6100016331,20211222,1,3,0
108.952531,34.353822,张千户社?6100016324,20211222,1,3,0,
108.993702,34.353734,红光社区,6100003978,20211222,1,3,0
108.963989,34.353356,西航社区,6100016325,20211222,1,3,0
108.952619,34.35194,薛家寨社?6100016288,20211222,1,3,0,
108.969714,34.350528,五龙汤社?6100016286,20211222,1,3,0,
108.926084,34.349557,文景社区,6100016395,20211222,1,3,0
108.924564,34.349402,文景西区社区,6100016250,20211222,1,3,0
108.938662,34.34937,杨家社区,6100016287,20211222,1,3,0
109.323278,34.349291,仁宗社区,6100016197,20211222,1,2,0
108.922398,34.348678,青东社区,6100016285,20211222,1,3,0
108.933488,34.348015,全家社区,6100234960,20211222,1,3,0
108.934373,34.347698,北李社区,6100016317,20211222,1,3,0
108.998856,34.347642,上庄村委?#N/A,20211222,1,2,0,
108.920318,34.346744,青西社区,6100016222,20211222,1,3,0
108.962286,34.345677,红旗社区,6100016436,20211222,2,3,0
108.954844,34.345597,文景东区社区,6100016254,20211222,1,3,0
108.936572,34.34521,白桦林居社区,6100016224,20211222,1,3,0
108.997472,34.344126,东方红社?6101026399,20211222,1,3,0,
108.961509,34.344009,红色社区,6100016434,20211222,1,3,0
109.030914,34.342332,宋围社区,6100016596,20211222,1,2,0
108.934883,34.342057,盐东社区,6100016246,20211222,1,3,0
108.934883,34.342057,翁家庄社?#N/A,20211222,1,3,0,
108.961784,34.341964,张家堡社?6100016433,20211222,1,3,0,
108.966124,34.341654,谭家社区,6100016310,20211222,1,3,0
108.965874,34.34127,天和新府社区,6100016432,20211222,1,3,0
108.922489,34.340671,朱宏堡社?6100016407,20211222,1,3,0,
108.957121,34.339925,EE康城社区,#N/A,20211222,1,3,0
108.932474,34.339858,盐西社区,6100016431,20211222,1,3,0
108.9647,34.339562,渭滨街社?6100016221,20211222,1,3,0,
108.927225,34.33931,御湖社区,6100016267,20211222,1,3,0
109.41716,34.338527,小金社区,6100016177,20211222,1,2,0
108.823451,34.337437,芊域阳光社区,6100016259,20211222,1,2,0
109.057679,34.337325,瑾程酒店,#N/A,20211222,1,2,0
108.974303,34.337192,三家庄社?6100016204,20211222,1,3,0,
109.059715,34.336422,香胡湾社?6100016449,20211222,1,2,0,
108.929448,34.335393,三九社区,6100016406,20211222,1,3,0
109.052781,34.3353,黄邓社区,6100016454,20211222,1,2,0
108.944107,34.334905,南李社区,6100016314,20211222,1,3,0
108.982691,34.333838,帽珥冢社?#N/A,20211222,1,3,0,
108.965704,34.333661,阳光十里社区,6100016311,20211222,1,3,0
108.963581,34.332976,高山流水社区,6100016295,20211222,1,3,0
109.005691,34.331394,浐灞新天地赵村社?6100016359,20211222,1,3,0,
108.96883,34.331276,孙家湾社?6100016353,20211222,1,3,0,
108.927958,34.329199,刘家社区,6100016391,20211222,1,3,0
108.925781,34.329193,郭家社区,6100016405,20211222,1,3,0
108.839962,34.32866,和兴园社?6100016347,20211222,1,2,0,
108.962948,34.328081,兴盛园社?6100016321,20211222,1,3,0,
108.941942,34.327853,海荣豪佳社区,6100016394,20211222,1,3,0
108.925689,34.326395,贾村社区,#N/A,20211222,1,3,0
108.842165,34.326343,六村堡社?6100016344,20211222,1,2,0,
108.932341,34.326329,北康社区,6100016227,20211222,1,3,0
108.944076,34.326208,尤家社区,6100016330,20211222,1,3,0
108.955418,34.325579,兴隆园社?6100016231,20211222,1,3,0,
108.969273,34.325103,百花园社?6100016282,20211222,1,3,0,
108.966508,34.324953,西十里铺社区,6100004017,20211222,1,3,0
108.974014,34.324611,百花社区,6100016209,20211222,1,3,0
108.932758,34.324377,王前社区,6100016226,20211222,1,3,0
108.965632,34.323815,香克林社?6100016268,20211222,1,3,0,
109.076179,34.32363,核锻社区,6100016566,20211222,1,2,0
109.131447,34.322955,朝阳社区,6100004251,20211222,1,2,0
108.997352,34.321469,泘沱社区,#N/A,20211222,1,3,0
109.101401,34.321108,建材社区,6100016579,20211222,1,2,0
108.967204,34.321071,曹家庙社?6100016386,20211222,1,3,0,
108.964295,34.318836,凤鸣华府社区,6100016281,20211222,2,3,0
108.986372,34.317379,珠江新城社区,6100016216,20211222,1,3,0
108.844187,34.317377,石化社区,6100016419,20211222,1,2,0
108.927409,34.317061,海红社区,6100016235,20211222,1,3,0
108.990234,34.316899,杨家庄社?6100016214,20211222,1,3,0,
108.952106,34.316772,纸坊南村社区,6100003944,20211222,1,2,0
108.820453,34.316387,启航新苑柏梁社区,#N/A,20211222,1,2,0
109.037252,34.31565,浐灞半岛社区,6100016319,20211222,1,3,0
108.967778,34.315477,西铁社区,6100015986,20211222,1,3,0
108.962918,34.313901,雅荷社区,6100016201,20211222,1,3,0
108.964871,34.313585,君逸社?6100016257,20211222,1,3,0,
109.081423,34.313129,灞桥街社?6100016559,20211222,1,2,0,
109.005055,34.313085,广安社区,6100016265,20211222,1,3,0
108.930817,34.313056,董家社区,6100016390,20211222,1,3,0
108.970522,34.313005,先锋社区,6100004912,20211222,1,3,0
108.996987,34.312958,浐灞生态区,#N/A,20211222,1,3,0
108.961219,34.31168,皇家园林社区,6100016215,20211222,1,3,0
108.936452,34.311048,佳家社区,6100016203,20211222,1,3,0
108.990386,34.309659,欣心家园社区,6100016264,20211222,1,3,0
109.009729,34.309393,新广路社?6100016266,20211222,1,3,0,
108.993638,34.308292,辛家庙社?6100016213,20211222,1,3,0,
108.963653,34.307858,锦园新世纪社?#N/A,20211222,1,3,0,
108.941721,34.307407,萧家名京九合院社?6100016242,20211222,1,3,0,
108.955277,34.30735,明园社区,6100016328,20211222,1,3,0
109.019116,34.307228,恒大名都社区,#N/A,20211222,1,3,0
108.990854,34.307152,西安重型研究所社区,#N/A,20211222,1,3,0
108.995139,34.306746,陕重社区,#N/A,20211222,1,3,0
108.936224,34.306578,延长石油社区,6100016256,20211222,1,3,0
108.928814,34.305873,范北社区,6100016284,20211222,1,3,0
108.945791,34.305585,民悦社区,6100016206,20211222,1,3,0
108.997806,34.304717,刘北社区,6100016212,20211222,1,3,0
109.127058,34.304042,航天四院社区,6100016450,20211222,1,2,0
108.994717,34.303762,西煤机社?#N/A,20211222,1,3,0,
109.012638,34.302954,罗马花园社区,#N/A,20211222,1,2,0
108.927638,34.302951,范南社区,6100016389,20211222,1,3,0
109.060113,34.302303,灞桥火车站社?#N/A,20211222,1,2,0,
108.991696,34.301739,工业学校社区,6100016356,20211222,1,3,0
108.999627,34.301733,刘南社区,#N/A,20211222,1,3,0
108.816123,34.300971,启航社区,#N/A,20211222,1,2,0
108.953186,34.300739,炕底寨社?6100016225,20211222,1,3,0,
109.028138,34.300606,火箭军社区（原二炮社区）,#N/A,20211222,1,2,0
109.02924,34.300568,李家堡社?6100016499,20211222,1,2,0,
108.939517,34.300368,四医大社?6100003815,20211222,1,3,0,
108.944103,34.299805,舍下省社?6100016207,20211222,1,3,0,
108.928539,34.299781,朱宏路社?6100016396,20211222,2,3,0,
108.981385,34.299719,华远君城社区,6100016237,20211222,1,3,0
108.949195,34.299584,纬二十九街社?6100016208,20211222,1,3,0,
108.943186,34.299501,方新社区,6100016401,20211222,1,3,0
108.937723,34.299204,枣园安居社区,6100016240,20211222,1,3,0
109.025548,34.298697,华清园社?6100016457,20211222,1,2,0,
108.829679,34.298576,华润二十四城社区,6100235007,20211222,1,2,0
108.94748,34.298371,二府庄社?6100004824,20211222,1,3,0,
109.028873,34.298305,蒋家湾社?6100016444,20211222,1,2,0,
108.984024,34.29824,东前进社?6100016305,20211222,1,3,0,
108.923938,34.297769,马滹沱社?#N/A,20211222,1,3,0,
108.996468,34.297291,东元路物流社?#N/A,20211222,1,3,0,
108.977111,34.297212,太华路社?6100016313,20211222,1,3,0,
108.936561,34.296923,青门新区社区,6100016385,20211222,1,3,0
108.948728,34.296298,二府庄龙首塬社区,6100016205,20211222,1,3,0
108.835359,34.295326,火车站社?6100016016,20211222,1,2,0,
108.900962,34.295128,西马寨社?6100243130,20211222,1,3,0,
108.900962,34.295128,东叶寨社?#N/A,20211222,1,3,0,
108.955213,34.294873,明宫社区,6100003821,20211222,1,3,0
108.936413,34.294805,枣园南岭社区,#N/A,20211222,1,3,0
108.895308,34.294554,李上壕社?6100016283,20211222,1,3,0,
109.001609,34.294461,秦孟街社?6100016451,20211222,1,2,0,
108.950081,34.294172,北张家庄社区,#N/A,20211222,1,3,0
108.987526,34.294104,生产村社?6100003753,20211222,1,3,0,
108.915133,34.294066,大白杨西社区,6100016261,20211222,1,3,0
109.113303,34.293805,庆华社区,6100016585,20211222,1,2,0
108.986922,34.293609,东元西路社区,6100003754,20211222,1,3,0
109.041781,34.293111,郭渠社区,6100016496,20211222,1,2,0
109.04176,34.293104,南牛寺社?6100016501,20211222,1,2,0,
108.914914,34.293088,大白杨东社区,6100016236,20211222,1,3,0
108.916232,34.292962,李下壕社?6100016303,20211222,1,3,0,
108.972606,34.292672,银河坊社?6100003820,20211222,1,3,0,
108.988213,34.29244,八府庄社?6100003819,20211222,1,3,0,
108.913517,34.292326,白家口社?6100003952,20211222,1,2,0,
108.949899,34.292227,宫园壹号社区,6100003959,20211222,1,2,0
108.979313,34.292067,含元殿社?6100003749,20211222,1,3,0,
108.973697,34.291842,太华南路社区,6100003744,20211222,1,3,0
108.901911,34.291269,小白杨社?6100016260,20211222,1,3,0,
108.939177,34.291202,安远社区,6100003957,20211222,1,2,0
108.942124,34.291197,龙首原社?6100003945,20211222,1,2,0,
108.97971,34.291182,八府庄园社区,6100003761,20211222,1,3,0
109.075179,34.290852,柴马社区,6100016530,20211222,1,2,0
108.994443,34.290595,石家街社?6100003751,20211222,1,3,0,
108.940657,34.290206,青门社区,6100003939,20211222,1,2,0
108.940439,34.290188,龙首西北社区,#N/A,20211222,1,2,0
109.050643,34.290072,电厂社区,6100016511,20211222,1,2,0
108.950996,34.289867,龙首东北社区,6100004057,20211222,1,2,0
108.954371,34.289523,铁路东村社区,6100003750,20211222,1,3,0
109.117475,34.289275,新村社区,#N/A,20211222,1,2,0
109.117475,34.289275,洪庆新村社区,#N/A,20211222,1,2,0
108.94905,34.288993,龙首东南社区,#N/A,20211222,1,2,0
108.824948,34.288929,西户路社?6100016370,20211222,1,2,0,
108.824948,34.288929,建章路社?6100016379,20211222,1,2,0,
108.8884,34.288574,东张社区,6100234952,20211222,1,3,0
108.807488,34.288402,东杨旗寨?#N/A,20211222,1,2,0,
108.974901,34.287917,航空二路社区,6100017049,20211222,1,2,0
108.974869,34.287897,东童村社?6100003752,20211222,1,3,0,
108.974869,34.287897,南郭上村社区,6101026389,20211222,1,3,0
108.974869,34.287897,丹凤门社?6100003842,20211222,1,3,0,
108.93187,34.287646,红西村社?6100003942,20211222,1,2,0,
108.975907,34.28742,陕棉十一厂社?6100003758,20211222,1,3,0,
108.870046,34.287258,汉城北路社区,6100016400,20211222,1,2,0
109.02442,34.287217,十里铺社?6100016587,20211222,1,2,0,
108.837906,34.287201,保利金香槟小?#N/A,20211222,1,2,0,
108.88596,34.286755,白家口兴苑社?6100003992,20211222,1,2,0,
109.032247,34.286719,长十路社?6100016591,20211222,1,2,0,
108.885368,34.286526,大兴西路社区,6100016249,20211222,1,2,0
108.983801,34.286517,丰园社区,#N/A,20211222,1,2,0
108.940847,34.286302,龙首西南社区,6100004058,20211222,1,2,0
108.948378,34.28623,北稍门东社区,6100003763,20211222,1,2,0
108.951259,34.286204,联志社区,6100016354,20211222,1,3,0
108.983641,34.286128,含元西路社区,6100003757,20211222,1,3,0
108.90747,34.285871,大兴东路社区,6100003956,20211222,1,2,0
109.012991,34.285648,万寿社区,6100003771,20211222,1,3,0
108.875718,34.28545,进丰社区,6100003968,20211222,1,2,0
109.014103,34.285157,陕汽社区,6100003785,20211222,1,3,0
108.933735,34.284978,红庙坡村社区,6100004029,20211222,1,2,0
108.933735,34.284978,纸坊村社?6100003943,20211222,1,2,0,
108.989103,34.28477,纱厂东街社区,6100003759,20211222,1,3,0
108.956266,34.284474,建强社区,6100003747,20211222,1,3,0
109.046455,34.284313,御锦城社?#N/A,20211222,1,2,0,
108.930875,34.284251,星火社区,6100003940,20211222,1,2,0
108.867256,34.283998,三民社区,6100003982,20211222,1,2,0
108.934828,34.283739,工农新村社区,6100003953,20211222,1,2,0
108.986501,34.283439,笃臣巷社?6100003743,20211222,1,3,0,
108.950763,34.283322,航建社区,6100003755,20211222,1,3,0
108.986399,34.283311,含元东路社区,6100003760,20211222,1,3,0
108.996197,34.283251,金花社区,6100003847,20211222,1,3,0
109.005819,34.282909,胡一社区,6100003782,20211222,1,3,0
108.798188,34.282752,西杨旗寨?#N/A,20211222,1,2,0,
108.845578,34.282445,阿房四路社区,6100016318,20211222,1,2,0
109.074801,34.282353,新市社区,6100016589,20211222,1,2,0
108.962275,34.282273,栖凤社区,#N/A,20211222,1,3,0
108.952637,34.282128,向阳社区,6100003786,20211222,1,3,0
108.925316,34.281701,送变电社?6100003941,20211222,1,2,0,
108.951475,34.281546,向荣社区,6100003748,20211222,2,3,0
108.834861,34.281376,武警路社?6100016399,20211222,1,2,0,
108.891058,34.281044,沣惠北路社区,6100004024,20211222,1,2,0
108.941973,34.280794,北稍门西社区,6100003946,20211222,1,2,0
109.002634,34.280666,骏景社区,6100003745,20211222,1,3,0
108.995163,34.280656,陕建机施社区,6100003818,20211222,1,3,0
108.911828,34.280298,丰禾村社?6100003950,20211222,1,2,0,
109.006959,34.280192,南张家庄社区,#N/A,20211222,1,3,0
109.057163,34.279971,唐都社区,6100016512,20211222,1,2,0
108.983365,34.279766,三府湾社?6100003784,20211222,1,3,0,
108.920694,34.27969,丰禾社区,6100003949,20211222,1,2,0
109.053603,34.279609,永丰社区,6100003988,20211222,1,2,0
108.935856,34.279281,自强社区,6100003741,20211222,1,3,0
108.935856,34.279281,自强社区,6100003741,20211222,1,2,0
108.97863,34.279025,二七社区,#N/A,20211222,1,3,0
108.92471,34.27897, 标新街社?6100003856,20211222,1,2,0,
109.004105,34.278458,唐韵社区,6100003764,20211222,1,3,0
108.956305,34.27844,阳光社区,6100005000,20211222,1,3,0
108.956305,34.27844,麟德社区,6100003756,20211222,1,3,0
108.860192,34.278432,3402社区,#N/A,20211222,1,2,0
108.909847,34.278378,火西社区,#N/A,20211222,1,2,0
108.947688,34.27836,阳光村社?6100003765,20211222,1,2,0,
108.942562,34.278357,西影厂社?#N/A,20211222,1,2,0,
108.999424,34.278308,万东社区,6100003835,20211222,1,3,0
108.887155,34.278036,任家口社?6100004023,20211222,1,2,0,
109.079451,34.277981,香王社区,6100016460,20211222,1,2,0
108.88246,34.277865,双府社区,6100003948,20211222,1,2,0
108.871501,34.277454,大马路社?6100003990,20211222,1,2,0,
108.955585,34.277421,环北路社?6100003834,20211222,1,3,0,
108.986184,34.277294,西筑社区,6100003830,20211222,1,3,0
109.00082,34.277213,长缨东路社区,6100003781,20211222,1,3,0
108.980642,34.277076,农械厂社?6100003833,20211222,1,3,0,
109.002154,34.277039,长缨社区,6100003827,20211222,1,3,0
108.863511,34.27687,丰盛园社?6100003971,20211222,1,2,0,
109.003269,34.276771,华清社区,6100003832,20211222,1,3,0
108.897101,34.276528,郭家口社?6100004022,20211222,1,2,0,
108.950223,34.276412,远东东社?#N/A,20211222,1,2,0,
109.067676,34.276157,纺星社区,6100016573,20211222,1,2,0
109.002764,34.27585,胡二社区,6100003783,20211222,1,3,0
108.992204,34.275785,陕建机社?6100003831,20211222,1,3,0,
108.99427,34.275626,金泰社区,6100003826,20211222,1,3,0
108.866536,34.275454,冶金社区,6100003972,20211222,1,2,0
109.059772,34.275428,电建社区,6100016580,20211222,1,2,0
108.935861,34.275149,西药王洞社区,6100004052,20211222,1,2,0
108.869635,34.275037,枣园西路社区,6100003970,20211222,1,2,0
108.95419,34.274988,红星社区,6100003828,20211222,1,3,0
108.973333,34.274673,供电局社区,6100003822,20211222,1,3,0
108.864138,34.274604,金家堡社?6100003983,20211222,1,2,0,
109.053072,34.274582,堡子社区,6100016443,20211222,1,2,0
108.955836,34.274515,尚平社区,6100003825,20211222,1,3,0
108.957604,34.274385,西六路社?6100003816,20211222,1,3,0,
108.816034,34.27428,天台路社?6100016290,20211222,1,2,0,
108.99257,34.2742,西电设社?6100003817,20211222,1,3,0,
108.975102,34.274011,康家村社?6100003824,20211222,1,3,0,
108.966757,34.273844,兴隆坊社?6100003836,20211222,1,3,0,
109.061039,34.273558,一印社?6100016463,20211222,1,2,0,
108.938275,34.273468,东药王洞社区,6100004051,20211222,1,2,0
108.928941,34.273292,习武园社?6100004054,20211222,1,2,0,
108.946239,34.273213,糖坊街社?6100004053,20211222,1,2,0,
109.064675,34.273111,浐灞生态区,#N/A,20211222,1,2,0
108.965098,34.273036,东大院社?6100003823,20211222,1,3,0,
109.077183,34.27293,汽配社区,6100016471,20211222,1,2,0
109.030566,34.272444,长乐坡瑞景社?6100016577,20211222,1,2,0,
108.955758,34.272204,兴乐社区,6100003814,20211222,1,3,0
108.916076,34.272139,大庆路社?6100004025,20211222,1,2,0,
108.944612,34.271944,青年路第一社区,#N/A,20211222,1,2,0
108.927355,34.271931,西北一路社?6100004055,20211222,1,2,0,
109.062469,34.27173,向阳坊社?6100016586,20211222,1,2,0,
108.967972,34.271664,群策巷社?6100003813,20211222,1,3,0,
108.932199,34.271593,青三社区,#N/A,20211222,1,2,0
108.942421,34.271525,青一社区,#N/A,20211222,1,2,0
108.970315,34.271409,南北坊社?6100003811,20211222,1,3,0,
108.991811,34.271331,电建社区,6100016580,20211222,1,3,0
108.870776,34.271311,杨家围墙?#N/A,20211222,1,2,0,
108.877274,34.271291,精密社区,6100003981,20211222,1,2,0
108.966089,34.271178,卫民社区,6100003809,20211222,1,3,0
108.955037,34.271159,兴盛社区,6100003800,20211222,1,3,0
109.002478,34.270849,万年社区,6100003807,20211222,1,3,0
108.936132,34.270527,莲二社区,#N/A,20211222,1,2,0
108.87906,34.270471,唐都花园社区,6100003954,20211222,1,2,0
108.857528,34.270312,新西北社?6100016199,20211222,1,2,0,
108.961299,34.270257,西三路社?6100003804,20211222,1,3,0,
109.00562,34.270206,西光社区,6100003779,20211222,1,3,0
108.92931,34.270188,莲四社区,#N/A,20211222,1,2,0
108.868381,34.270137,远东西社?6100003974,20211222,1,2,0,
108.859753,34.27013,曹家堡社?6100003984,20211222,1,2,0,
108.978849,34.269958,半截巷社?6100003808,20211222,1,3,0,
109.004356,34.269952,昆仑社区,6100003812,20211222,1,3,0
108.968565,34.269565,东风坊社?6100003806,20211222,1,3,0,
108.965492,34.269094,勤民社区,6100003805,20211222,1,3,0
109.069415,34.268966,向民社区,6100016590,20211222,1,2,0
108.933915,34.268678,洒金桥社?6100004035,20211222,1,2,0,
108.858573,34.268614,法士特社?6100003975,20211222,1,2,0,
109.065017,34.268605,三棉社区,6100016583,20211222,1,2,0
108.91375,34.268601,劳动村社?6100004027,20211222,1,2,0,
108.894525,34.268574,桃园社区,6100003989,20211222,1,2,0
108.991461,34.268561,长乐社区,6100004543,20211222,1,3,0
109.050931,34.268547,联盟社区,6100016581,20211222,1,2,0
108.882918,34.268496,惠北社区,6100004224,20211222,1,2,0
108.882918,34.268496,汉东社区,#N/A,20211222,1,2,0
108.946133,34.268452,莲一社区,#N/A,20211222,1,2,0
109.05095,34.268437,半坡社区,6100016582,20211222,1,2,0
108.906603,34.268309,劳动一坊社?6100004020,20211222,1,2,0,
109.000225,34.268298,金康社区,6100003799,20211222,1,3,0
108.847488,34.268182,张万社区,6100016279,20211222,1,2,0
108.847488,34.268182,南何社区,6100016280,20211222,1,2,0
109.073312,34.268161,枣园刘社?6100016588,20211222,1,2,0,
108.979632,34.268145,永乐社区,6100003798,20211222,1,3,0
108.891829,34.268001,大土门社?6100004005,20211222,1,2,0,
108.895694,34.267511,桃园二坊社区,6100004018,20211222,1,2,0
108.978432,34.267419,安仁坊社?6100003797,20211222,1,3,0,
108.896212,34.267334,西十里铺社区,6100004017,20211222,1,2,0
108.968334,34.267319,东三路社?6100003801,20211222,1,3,0,
108.941224,34.267195,红埠街社?6100004045,20211222,1,2,0,
108.949484,34.267108,新民社区,6100003803,20211222,1,3,0
108.913921,34.267085,西仪社区,6100004026,20211222,1,2,0
108.78185,34.267078,芊域溪源社区,6100233394,20211222,1,2,0
108.964643,34.267035,万达社区,6100003796,20211222,1,3,0
108.943719,34.267032,二府街社?6100004044,20211222,1,2,0,
108.888211,34.26692,土门坊社?6100004001,20211222,1,2,0,
108.917337,34.266343,玉祥门社?6100004033,20211222,1,2,0,
108.88899,34.26633,大土门开远社?6100003955,20211222,1,2,0,
108.974989,34.266134, 孟家巷社?6100003897,20211222,1,2,0,
108.952535,34.26601,新华社区,6100004857,20211222,1,2,0
108.994778,34.265812,金花社区,6100003847,20211222,1,2,0
109.034231,34.265729,尉家坡社?6100016497,20211222,1,2,0,
109.034231,34.265729,黄家坡社?6100016500,20211222,1,2,0,
109.009577,34.265663,康乐社区,6100004827,20211222,1,3,0
109.006212,34.265383,黄河社区,6100003777,20211222,1,3,0
108.906582,34.26535,劳动二坊社区,6100004021,20211222,1,2,0
108.968335,34.265152,安民里社?6100003795,20211222,1,3,0,
109.005203,34.264941,东尚社区,6100003774,20211222,1,3,0
108.913742,34.2648,潘家村社?6100003985,20211222,1,2,0,
108.807026,34.264623,王寺社区,6100004441,20211222,1,2,0
109.036858,34.264549,长乐坡社?6100016592,20211222,1,2,0,
108.975452,34.264406, 环东社区,6100003898,20211222,1,2,0
108.925697,34.264248,香米园社?6100004034,20211222,1,2,0,
108.897659,34.263881,桃园三坊社区,6100004004,20211222,1,2,0
108.91742,34.263727,铁塔寺社?6100004030,20211222,1,2,0,
108.917335,34.263719,五一社区,6100004031,20211222,1,2,0
108.87058,34.263529,团结西路社区,6100004059,20211222,1,2,0
108.961237,34.263425,民乐社区,6100003791,20211222,1,3,0
108.90582,34.263313,桃园一坊社?6100004019,20211222,1,2,0,
108.980831,34.263298,八仙庵社?6100003931,20211222,1,2,0,
108.955968,34.263061,广场社区,6100004337,20211222,1,3,0
108.96967,34.262881,中山社区,6100003793,20211222,1,3,0
108.965208,34.262843,东新社区,6100004365,20211222,1,3,0
109.066991,34.262639,四棉社区,6100016578,20211222,1,2,0
108.887068,34.262608,庆安社区,6100003999,20211222,1,2,0
109.069771,34.262108,纺医社区,6100016572,20211222,1,2,0
109.035376,34.26193,草北社区,6100016575,20211222,1,2,0
108.87151,34.26166,陈家寨社?6100003977,20211222,1,2,0,
108.980519,34.261609,长乐社区 ,6100003899,20211222,1,2,0
108.866736,34.261582,利君西社?6100003976,20211222,1,2,0,
108.945173,34.261578,社会路社?6100004043,20211222,1,2,0,
108.910885,34.261386,劳动路社?6100004032,20211222,1,2,0,
108.958142,34.261274,红会社区,6100003788,20211222,1,3,0
108.917517,34.261219,西关正街社区,6100004011,20211222,1,2,0
108.989158,34.2612, 兴庆社区,6100003896,20211222,1,2,0
108.96876,34.261156,昌仁里社?6100003789,20211222,1,3,0,
108.933948,34.261015,学习巷社?6100004037,20211222,1,2,0,
108.952236,34.260923,尚朴社区,6100003790,20211222,1,3,0
108.977292,34.260809, 更新社区,6100003846,20211222,1,2,0
109.062476,34.260698,五环社区,6100016576,20211222,1,2,0
108.943429,34.260665,化觉巷社?6100004042,20211222,1,2,0,
108.929488,34.260614,贡院门社?6100004036,20211222,1,2,0,
108.919415,34.260426,三桥街社?6100016369,20211222,1,2,0,
108.895711,34.260053,延光社区,6100004003,20211222,1,2,0
108.916136,34.25999,林业厅社?6100004010,20211222,1,2,0,
108.918859,34.259559,西关社区,6100016091,20211222,1,2,0
108.982305,34.259546, 柿园路社?6100003844,20211222,1,2,0,
108.990126,34.259438,互助社区 ,6100241518,20211222,1,2,0
108.869999,34.259174,红光社区,6100003978,20211222,1,2,0
108.869999,34.259174,红光路社?6100016273,20211222,1,2,0,
108.875463,34.258967,益民坊社?6100003965,20211222,1,2,0,
108.952121,34.25879,端履门社?6100003889,20211222,1,2,0,
108.969157,34.258274,东大街社?6100003860,20211222,1,2,0,
109.004232,34.258182,华山社区,6100003773,20211222,1,3,0
108.959997,34.258105,马厂子社?6100003893,20211222,1,2,0,
108.965333,34.257995,和北社区,6100003859,20211222,1,2,0
108.992984,34.257974,工程大社?,#N/A,20211222,1,2,0
108.931315,34.257829,桥梓口社?6100004038,20211222,1,2,0,
108.92087,34.257805,八家巷社?6100004012,20211222,1,2,0,
108.957402,34.257718,菊花园社?6100003895,20211222,1,2,0,
108.914741,34.257641,安定社区,6100003958,20211222,1,2,0
108.944536,34.257523,钟楼社区,6100003886,20211222,1,2,0
108.949089,34.257194,印花布园社区,6100003878,20211222,1,2,0
108.801479,34.257148,庙店社区,6100004438,20211222,1,2,0
108.920179,34.257136,北火巷社?6100004028,20211222,1,2,0,
108.926753,34.256964,白鹭湾社?#N/A,20211222,1,2,0,
108.977983,34.256801,卧龙社区 ,6100003936,20211222,1,2,0
108.907168,34.25676,锦园社区,6100004007,20211222,1,2,0
108.939289,34.256754,南广济街社区,6100003882,20211222,1,2,0
108.992077,34.256714,仁厚社区 ,6100235019,20211222,1,2,0
108.922442,34.256624,青二社区,#N/A,20211222,1,2,0
109.068333,34.25636,六棉社区,6100016462,20211222,1,2,0
109.006284,34.256342,公园南路社区,6100003772,20211222,1,3,0
108.891602,34.256065,马军寨新?6100003996,20211222,1,2,0,
108.877417,34.255996,颜家堡村社区,6100003966,20211222,1,2,0
108.867535,34.255982,中堡子社?6100003979,20211222,2,2,0,
108.867535,34.255982,汉城路中堡子社区,6100003980,20211222,1,2,0
108.912467,34.255907,旭景名园社区,6100004009,20211222,1,2,0
108.883715,34.255827,永丰社区,6100003988,20211222,1,2,0
108.927262,34.2556,迎春社区,6100004039,20211222,1,2,0
108.942268,34.255586,南院门社?6100003894,20211222,1,2,0,
108.972887,34.255494, 古迹岭社?6100003850,20211222,1,2,0,
108.876023,34.255393,工农村社?6100003993,20211222,1,2,0,
109.012953,34.255341,韩北社区,6100003770,20211222,1,3,0
109.008654,34.255338,爱民社区,6100003840,20211222,1,3,0
108.975039,34.255271,东关社区 ,6100003849,20211222,1,2,0
108.829604,34.255148,和平社区,6100016365,20211222,1,2,0
109.010335,34.255036,韩南社区,6100003769,20211222,1,3,0
108.959901,34.254798,圪塔寺社?,6100003892,20211222,1,2,0
108.966596,34.254735,和南社区,6100003857,20211222,1,2,0
108.887352,34.254631,惠南社区,6100004225,20211222,1,2,0
108.931551,34.25462,双仁府社?6100004040,20211222,1,2,0,
108.943892,34.254559,德福巷社?6100003880,20211222,1,2,0,
108.957485,34.254521,开通巷社区,6100003888,20211222,1,2,0
109.03553,34.254511,草南社区,6100016502,20211222,1,2,0
108.942595,34.254289,大车家巷社区,6100003879,20211222,1,2,0
108.872455,34.254174,工农社区,6100003964,20211222,1,2,0
108.937661,34.253825,保吉巷社?6100003883,20211222,1,2,0,
108.968427,34.253678,建南社区,6100003858,20211222,1,2,0
108.860222,34.25364,莱茵小城社区,6100003994,20211222,2,2,0
108.950777,34.253471,书院门社?6100003885,20211222,1,2,0,
108.952052,34.253437,三学街社?6100003887,20211222,1,2,0,
108.961983,34.253371,下马陵社?6100003890,20211222,1,2,0,
108.908272,34.253298,民航社区,6100004008,20211222,1,2,0
108.950298,34.252999, 理工大社?#N/A,20211222,1,2,0,
109.064318,34.252982,陕水社区,6100016461,20211222,1,2,0
108.911829,34.252843,草阳社区,#N/A,20211222,1,2,0
108.997951,34.252459, 金花南路社区,6100003838,20211222,1,2,0
109.058857,34.252407,延河社区,6100016565,20211222,1,2,0
108.943464,34.252394,南院门街?#N/A,20211222,1,2,0,
108.960219,34.252227,东仓门社?6100003884,20211222,1,2,0,
109.003958,34.251871,咸宁社区,6100003787,20211222,1,3,0
108.976546,34.251622,曹家巷社?6100003930,20211222,1,2,0,
108.891193,34.251617,金光门社?6100003997,20211222,1,2,0,
108.92002,34.251471,解家村新社区,6100003961,20211222,1,2,0
108.919699,34.251455,解家村社?6100004013,20211222,1,2,0,
108.883861,34.25115,军干所社区,6100004892,20211222,1,2,0
108.875708,34.250823,西钞社区,6100004801,20211222,1,2,0
108.880001,34.250763,3511社区,#N/A,20211222,1,2,0
108.88742,34.250567,牡丹庄园社区,6100004891,20211222,1,2,0
108.874251,34.250489,化工坊社?6100004911,20211222,1,2,0,
108.972909,34.25036,乐一社区 ,#N/A,20211222,1,2,0
108.919373,34.250269,建新社区,6100004016,20211222,1,2,0
108.95981,34.25017,伞塔社区 ,6100003848,20211222,1,2,0
108.953258,34.250148, 文北一社区,#N/A,20211222,1,2,0
108.965182,34.250052, 环南路社?6100003855,20211222,1,2,0,
108.89484,34.249918,丰镐东路社区,6100004002,20211222,1,2,0
109.003397,34.249815,新园社区,6100003929,20211222,1,3,0
109.003397,34.249815,馨苑社区,6100004807,20211222,1,2,0
108.917705,34.249572,丰庆路社?6100003986,20211222,1,2,0,
108.917577,34.249309,幸福社区,6100003776,20211222,1,3,0
108.86584,34.249121,3507社区,#N/A,20211222,1,2,0
108.942302,34.249023,朱北社区 ,#N/A,20211222,1,2,0
108.891188,34.248799,惠民南坊社区,#N/A,20211222,1,2,0
109.002603,34.247797, 火炬社区,6100003924,20211222,1,2,0
108.914145,34.24768,友谊村社?6100003963,20211222,1,2,0,
108.922356,34.247472, 西北大学社区,6100003865,20211222,1,2,0
108.992598,34.247429,兴庆南路社区 ,6100003922,20211222,2,2,0
108.859816,34.247401,金域牟嘉社区,6100004853,20211222,1,2,0
108.935585,34.247337,融信社区 ,6100003871,20211222,1,2,0
108.943827,34.247261, 南关社区,6100003921,20211222,1,2,0
108.976243,34.247029, 乐二社区,#N/A,20211222,1,2,0
108.932904,34.24684, 鸿雁社区,6100003861,20211222,1,2,0
108.882071,34.246726,融侨城社?6100004890,20211222,1,2,0,
108.972991,34.246609, 太乙路社?6100003853,20211222,1,2,0,
108.950643,34.246453, 仁义社区,6100003933,20211222,1,2,0
108.98378,34.246207, 交大社区,#N/A,20211222,1,2,0
108.885303,34.246132,新桃园村社区,6100004924,20211222,1,2,0
108.94573,34.245748, 振兴社区,6100003864,20211222,1,2,0
108.963738,34.245679,雁北社区 ,#N/A,20211222,1,2,0
108.997759,34.245633,信号厂社?,#N/A,20211222,1,2,0
108.970726,34.245623, 建东街社?6100003875,20211222,2,2,0,
108.941404,34.245265,朱南社区 ,#N/A,20211222,1,2,0
108.939784,34.245252,光荣社区 ,6100003900,20211222,1,2,0
108.924968,34.245077, 太白社区,6100005010,20211222,1,2,0
108.894792,34.244794,西桃园社?6100004926,20211222,1,2,0,
108.995277,34.244578,北沙社区 ,6100003925,20211222,1,2,0
109.012891,34.244512,东方社区,6100003766,20211222,1,3,0
108.951467,34.244391,西勘社区 ,6100004954,20211222,2,2,0
108.925927,34.244322,太白社区,6100005010,20211222,1,2,0
109.058239,34.244142,穆将王社?6100016533,20211222,1,2,0,
108.945776,34.244139, 新西里社?6100003917,20211222,1,2,0,
108.96817,34.24405, 安东街社?6100003874,20211222,1,2,0,
109.043438,34.244041,田家湾社?6100004960,20211222,1,2,0,
108.93546,34.243943, 红缨社区,6100003938,20211222,1,2,0
108.874442,34.243907,日化社区,6100004851,20211222,1,2,0
108.915419,34.243687,西工大社?,#N/A,20211222,1,2,0
108.844861,34.243415,北石桥社?6100005024,20211222,1,2,0,
108.880329,34.243142,响塘社区,6100004842,20211222,1,2,0
109.020041,34.243091,华清学府城社?6100003841,20211222,1,3,0,
108.952786,34.243065, 文北二社?#N/A,20211222,1,2,0,
108.927015,34.243057, 边家村社?6100003920,20211222,1,2,0,
108.992551,34.242961,南沙社区 ,6100003926,20211222,1,2,0
108.90395,34.242916,东桃园社?6100003991,20211222,1,2,0,
109.005566,34.242602,建工路社?6100004997,20211222,1,2,0,
108.926815,34.242311,友谊社区,6100003919,20211222,1,2,0
108.97759,34.241945,铁路局社区 ,#N/A,20211222,1,2,0
108.944269,34.241476,小雁塔社?,6100003904,20211222,1,2,0
108.9344,34.240309,黄东社区 ,6100003903,20211222,1,2,0
108.921809,34.239787, 科研社区,6100003911,20211222,1,2,0
108.983232,34.239226, 永宁苑社?6100004934,20211222,1,2,0,
108.804488,34.239145,梦白社区,6100004760,20211222,1,2,0
108.948867,34.239003, 永宁社区,6100003908,20211222,1,2,0
108.894288,34.238488,赵家坡社?6100004888,20211222,1,2,0,
108.931797,34.238253, 黄西社区,6100003913,20211222,2,2,0
108.982347,34.237939,南二环社?,6100003927,20211222,1,2,0
108.924833,34.237931, 水文一社区,6100003866,20211222,1,2,0
109.016365,34.237811,康宁社区,6100004999,20211222,1,2,0
108.949134,34.237707, 南稍门社?6100003905,20211222,2,2,0,
108.929353,34.237635, 文康社区,6100003914,20211222,1,2,0
108.958062,34.237586,友谊社区 ,6100003919,20211222,1,2,0
108.934641,34.237404,上林街道奥林匹克花园社区,#N/A,20211222,2,2,0
108.924545,34.237241, 水文二社?6100003868,20211222,1,2,0,
108.971845,34.237113, 中铁一局社区,6100003934,20211222,1,2,0
108.989171,34.236735,武警医院社区,6100004897,20211222,1,2,0
108.916518,34.236611,白庙路社?,6100003912,20211222,1,2,0
108.924895,34.236564, 西何社区,6100003867,20211222,1,2,0
108.879685,34.236317,唐兴社区,6100004925,20211222,1,2,0
108.981454,34.236107, 经九路社?6100003928,20211222,1,2,0,
108.877976,34.235826,陈家庄社?6100004852,20211222,1,2,0,
108.931378,34.235433, 军工社区,6100003863,20211222,1,2,0
108.967096,34.235358, 测绘路社?6100003902,20211222,1,2,0,
108.949553,34.235217, 3538社区,#N/A,20211222,1,2,0
108.909319,34.234874,糜家桥社?6100004927,20211222,1,2,0,
108.909319,34.234874,糜家桥社?6100004927,20211222,1,2,0,
108.984113,34.234641,青龙社区,6100004856,20211222,1,2,0
109.007463,34.234366,千户社区,6100004996,20211222,1,2,0
108.863852,34.23427,育华社区,6100004838,20211222,1,2,0
108.944959,34.234223, 夏家庄社?6100003916,20211222,1,2,0,
108.968564,34.234122,建科大社?,6100003872,20211222,1,2,0
108.964123,34.234067, 林雁社区,6100003877,20211222,1,2,0
108.933624,34.233988,黄雁社区 ,6100003915,20211222,2,2,0
108.953527,34.233772, 文艺南路社区,6100003906,20211222,2,2,0
108.998356,34.233495,铁一院社?6100004956,20211222,1,2,0,
108.877742,34.233478,西辛庄社?6100004921,20211222,1,2,0,
108.877416,34.233454,东辛庄社?6100004947,20211222,1,2,0,
109.009844,34.23334,延北社区,6100004913,20211222,1,2,0
108.996911,34.232853,阳光社区,6100005000,20211222,1,2,0
108.907458,34.232694,二十所社区,6100004876,20211222,2,2,0
108.892124,34.23239,高科花园社区,6100004928,20211222,1,2,0
108.899628,34.23224,枫叶惠智社区,6100004929,20211222,1,2,0
108.949406,34.232111, 草场坡社?6100003918,20211222,1,2,0,
108.997295,34.231793,兴科社区,6100005017,20211222,1,2,0
108.97847,34.23126,祭台社区 ,6100005021,20211222,1,2,0
108.926998,34.230598,永福社区,6100004879,20211222,1,2,0
108.989159,34.229798,建苑社区,6100004860,20211222,1,2,0
108.922099,34.229463,广交社区,6100004931,20211222,1,2,0
108.972243,34.229445,西延路社?6100005019,20211222,1,2,0,
108.903406,34.228922,科创社区,6100005012,20211222,1,2,0
108.954589,34.228737,长安大学社区,6100004837,20211222,1,2,0
108.914704,34.228601,西电社区,6100005009,20211222,1,2,0
108.914704,34.228601,科技大学社区,#N/A,20211222,1,2,0
108.970424,34.228536,海泊紫庭社区,#N/A,20211222,1,2,0
108.905004,34.227627,蒋家寨社?6100004886,20211222,1,2,0,
108.925533,34.227276,永松路社?#N/A,20211222,1,2,0,
108.941192,34.227276,新家坡社?6100004881,20211222,1,2,0,
108.956398,34.227187,翠华北路社区,6100004894,20211222,2,2,0
108.926537,34.226885,崇德坊社?6100004877,20211222,1,2,0,
108.847545,34.226736,英发寨社?6100004985,20211222,1,2,0,
108.935705,34.226696,崇业社区,6100004946,20211222,1,2,0
108.942136,34.226275,兴善社区,6100004870,20211222,3,2,0
108.868675,34.226246,丁家桥社?6100004844,20211222,1,2,0,
108.969355,34.226226,后村社区,6100004834,20211222,1,3,0
108.973067,34.225987,后村社区,6100004834,20211222,1,2,0
108.891071,34.225841,交通社?,6100003909,20211222,1,2,0
109.01878,34.225545,秦川社区,6100004998,20211222,1,3,0
109.01878,34.225545,秦川社区,6100004998,20211222,1,2,0
108.965988,34.225068,鑫龙社区,#N/A,20211222,1,2,0
108.764739,34.224616,斗门社区,6100004578,20211222,1,2,0
108.912677,34.224384,科技路社?6100004885,20211222,1,2,0,
108.912677,34.224384,科技二路社区,6100248011,20211222,1,2,0
108.93568,34.224322,子祥社区,6100004945,20211222,1,2,0
108.973184,34.224321,西影集团社区,#N/A,20211222,1,2,0
108.971356,34.22431,雁西社区,6100005022,20211222,1,2,0
108.915915,34.224182,交警支队社区,6100004948,20211222,1,2,0
108.927413,34.224089,212社区,#N/A,20211222,1,2,0
108.965227,34.22387,雁塔路社?6100004958,20211222,1,2,0,
108.985381,34.223674,八一社区,6100004389,20211222,1,2,0
108.982134,34.223641,西勘社区,6100004954,20211222,1,2,0
108.915618,34.223282, 白庙社区,6100003869,20211222,1,2,0
108.943418,34.223273,小寨西路社区,6100004836,20211222,1,2,0
108.92866,34.223076,吉祥社区,6100004880,20211222,1,2,0
108.955212,34.222894,小寨东路社区,6100004817,20211222,1,2,0
108.964312,34.222802,海泊紫亭社区,#N/A,20211222,1,2,0
108.955584,34.22261,曲江中心社区,#N/A,20211222,1,2,0
108.890224,34.222422,惠欣社区,#N/A,20211222,1,2,0
108.931434,34.221952,康乐社区,6100004827,20211222,1,2,0
108.935561,34.221448,郝佳社区,#N/A,20211222,1,2,0
108.961685,34.221164,大雁塔社?6100005016,20211222,1,2,0,
108.09437,34.220768,哑柏新区社区,#N/A,20211222,1,2,0
108.987203,34.220319,北池头社?6100004858,20211222,1,2,0,
108.940253,34.220162,雁西路社?6100004959,20211222,1,2,0,
108.921664,34.219487,四季社区,6100004825,20211222,1,2,0
109.006318,34.219424,荣家寨社?6100005007,20211222,1,2,0,
108.956194,34.219318,交大财经社区,6100004811,20211222,1,2,0
108.882258,34.219218,南窑头社?6100004849,20211222,1,2,0,
108.959771,34.218917,翠华南路社区,6100004895,20211222,1,2,0
108.902295,34.218861,甘家寨社?6100004862,20211222,1,2,0,
109.000298,34.218616,孟村社区,6100004910,20211222,1,2,0
108.866619,34.218525,水利社区,6100005006,20211222,1,2,0
108.995351,34.218295,岳家寨社?6100004839,20211222,1,2,0,
108.924801,34.21822,馨园壹号社区,6100004845,20211222,1,2,0
108.838044,34.217973,漳浒寨社?6100004991,20211222,1,2,0,
108.951721,34.217011,大唐社区,6100004812,20211222,1,2,0
109.007732,34.216323,陆家寨社?6100005001,20211222,1,2,0,
108.914085,34.215627,太白南路社区,6100004930,20211222,1,2,0
108.951824,34.215313,红专南路社区,6100004813,20211222,1,2,0
108.92955,34.215294,二府庄社?6100004824,20211222,1,2,0,
108.925007,34.21519,石油大学社区,#N/A,20211222,1,2,0
108.934729,34.215117,罗家寨村委会,#N/A,20211222,1,2,0
108.921975,34.214486,电子一路社?6100004828,20211222,1,2,0,
108.944109,34.214366,西八里社?6100004835,20211222,1,2,0,
108.897414,34.214264,枫林绿洲社区,6100004923,20211222,1,2,0
108.982831,34.211988,华侨?08坊社?#N/A,20211222,1,2,0,
109.008825,34.211578,黄渠头社?6100004882,20211222,1,2,0,
108.983689,34.211523,紫汀苑社?#N/A,20211222,1,2,0,
108.880375,34.211297,惠仁社区,#N/A,20211222,1,2,0
108.92149,34.211224,电子二路社区,6100004867,20211222,1,2,0
108.92149,34.211224,电子二路东社?6100004829,20211222,1,2,0,
108.956097,34.211084,曲江六号社区,#N/A,20211222,1,2,0
108.992849,34.210909,居安路第一社区,6100004553,20211222,1,2,0
108.938755,34.209984,青松路社?6100004831,20211222,2,2,0,
108.955471,34.20993,南窑村委?#N/A,20211222,2,2,0,
108.948437,34.209667,东八里社?6100004816,20211222,1,2,0,
108.948437,34.209667,新东八里社区,6100004848,20211222,1,2,0
109.004783,34.209127,新开门社?6100004840,20211222,1,2,0,
108.913568,34.208945,电子西街社区,6100004806,20211222,1,2,0
108.915219,34.208772,西京社区,6100004866,20211222,1,2,0
108.912891,34.208435,健康社区,6100004944,20211222,1,2,0
109.001625,34.208294,新华社区,6100004857,20211222,1,2,0
108.946579,34.207909,政法大学社区,#N/A,20211222,1,2,0
108.956016,34.207869,陕师大社?6100004815,20211222,1,2,0,
108.905305,34.207671,兰乔圣菲社区,6100004868,20211222,1,2,0
108.949741,34.206871,西外大社?#N/A,20211222,1,2,0,
109.017446,34.205725,繆家寨社?#N/A,20211222,1,2,0,
108.914389,34.205635,二零五社?#N/A,20211222,1,2,0,
108.933425,34.20487,明德门南区社?#N/A,20211222,1,2,0,
108.721516,34.204538,沣京中路社区,6100004347,20211222,1,2,0
108.920469,34.20362,电子正街社区,6100004805,20211222,1,2,0
108.930242,34.203446,东仪社区,6100004799,20211222,1,2,0
108.939628,34.203057,杨家村社?6100004893,20211222,1,2,0,
108.942396,34.202464,明德门北区社?6100004878,20211222,2,2,0,
108.940705,34.202124,军干社区,#N/A,20211222,1,2,0
108.854464,34.201837,闸口社区,6100004969,20211222,1,2,0
108.959162,34.201779,瑞禾村社?6100004920,20211222,1,2,0,
108.948228,34.201471,天坛路社?6100004935,20211222,1,2,0,
108.852336,34.201106,铺尚社区,6100004971,20211222,1,2,0
108.854781,34.200609,丈八东社?6100004970,20211222,1,2,0,
108.901286,34.200245,213电子社区,#N/A,20211222,1,2,0
108.954904,34.20016,瓦胡同社?6100004938,20211222,1,2,0,
108.852722,34.200032,余家庄社?6100004972,20211222,1,2,0,
108.844374,34.199704,西滩社区,6100004966,20211222,1,2,0
108.850416,34.19968,东滩社区,6100004973,20211222,1,2,0
108.923517,34.199516,唐园社区,6100004820,20211222,1,2,0
108.914732,34.199512,二零四社?#N/A,20211222,1,2,0,
108.854449,34.199474,丈八南社?6100004976,20211222,1,2,0,
108.917652,34.19943,丈八东路社区,6100004808,20211222,2,2,0
108.924425,34.199154,兵工社区,6100004916,20211222,2,2,0
108.941476,34.198726,电视塔社?6100004907,20211222,1,2,0,
108.97215,34.198273,庙坡头社?6100004899,20211222,1,2,0,
108.856608,34.197601,丈八北社?6100004974,20211222,1,2,0,
108.853185,34.19709,袁旗寨社?6100004977,20211222,1,2,0,
108.849894,34.196639,里花水社?6100004965,20211222,1,2,0,
108.85544,34.196559,丈八西社?6100004975,20211222,1,2,0,
108.955869,34.195963,东姜社区,#N/A,20211222,1,2,0
108.955869,34.195963,西姜社区,#N/A,20211222,1,2,0
108.955869,34.195963,长廷堡街道伟丰花园小?#N/A,20211222,2,2,0,
108.847915,34.195922,五四社区,6100004364,20211222,1,2,0
108.916524,34.194678,双桥头社?6100005027,20211222,2,2,0,
108.917349,34.194346,双桥国际社区,6100248487,20211222,1,2,0
108.980803,34.194334,金地天境社区,#N/A,20211222,1,2,0
108.9316,34.193892,世家星城社区,6100004809,20211222,1,2,0
108.990822,34.193025,东曲江池社区,#N/A,20211222,1,2,0
108.990822,34.193025,西曲江池社区,#N/A,20211222,1,2,0
108.841991,34.192785,惠祥社区,#N/A,20211222,1,2,0
108.87782,34.192472,绿地世纪城社?6100004978,20211222,1,2,0,
108.896464,34.192109,北沈家桥社区,#N/A,20211222,1,2,0
108.990877,34.192047,东曲社区,6100004900,20211222,2,2,0
108.941326,34.191825,长丰园社?6100004951,20211222,2,2,0,
108.936006,34.191605,三兴鑫苑社区,6100004896,20211222,1,2,0
108.877479,34.191389,唐沣社区,6100004854,20211222,1,2,0
108.960608,34.190937,曲江新区,#N/A,20211222,1,2,0
108.908941,34.190591,江林新城北社?#N/A,20211222,1,2,0,
108.938128,34.188214,紫郡长安社区,6100004952,20211222,2,2,0
108.904109,34.186634,齐王新园社区,#N/A,20211222,1,2,0
108.904109,34.186634,石桥新苑社区,#N/A,20211222,1,2,0
108.92533,34.1838,南姜社区,#N/A,20211222,1,2,0
108.945323,34.182851,华城社区,6100004871,20211222,1,2,0
108.877888,34.181929,锦业路社?6100004979,20211222,1,2,0,
108.829285,34.181644,河池周家庄社?6100004417,20211222,1,2,0,
108.865229,34.181258,西付社区,6100004968,20211222,1,2,0
108.931841,34.181185,北寨子社?6100004821,20211222,1,2,0,
108.931841,34.181185,南寨子社?6100005026,20211222,1,2,0,
108.868821,34.18101,东付社区,6100004967,20211222,1,2,0
108.943513,34.180499,东三爻社?6100004937,20211222,1,2,0,
108.831083,34.180318,东新社区,6100004365,20211222,1,2,0
108.824721,34.178796,西新社区,6100004366,20211222,1,2,0
108.090174,34.178483,哑柏社区,6100003650,20211222,1,2,0
108.962069,34.177722,澜山社区,6100004518,20211222,1,2,0
108.830301,34.176801,南新社区,6100004588,20211222,1,2,0
108.888398,34.176441,翟家堡社?6100005029,20211222,1,2,0,
108.970757,34.175789,夏殿社区,6100004671,20211222,1,2,0
108.830209,34.173925,乳驾庄社?6100004577,20211222,1,2,0,
108.556883,34.173168,涝店镇社?6100004142,20211222,1,2,0,
108.83173,34.173048,西祝社区,6100004740,20211222,1,2,0
108.943452,34.172342,凤栖路社?6100004601,20211222,1,2,0,
108.920407,34.172305,下塔坡社?6100004670,20211222,1,2,0,
108.865193,34.171004,紫薇社区,#N/A,20211222,1,2,0
108.865193,34.171004,紫薇田园都市社区,6100004774,20211222,1,2,0
108.249466,34.170288,辛家寨社?6100003734,20211222,1,2,0,
108.949834,34.170276,二零六社?6100004449,20211222,1,2,0,
109.006125,34.170275,简王井村委?#N/A,20211222,2,2,0,
109.307409,34.169906,工业园区社区,#N/A,20211222,1,2,0
108.814262,34.169525,高庙社区,6100004397,20211222,1,2,0
108.957909,34.169469,南里王村委会,#N/A,20211222,2,2,1
108.925842,34.168876,张家社区,6100004336,20211222,1,2,0
108.946638,34.168061,航天六院社区,6100004448,20211222,1,2,0
108.950326,34.167535,航天社区,6100004595,20211222,1,2,0
108.979516,34.167506,航开路社?6100004766,20211222,1,2,0,
109.139447,34.166989,白鹿南苑社区,6100004412,20211222,1,2,0
108.897587,34.166761,茅坡社区,6100004730,20211222,1,2,0
108.939056,34.166499,长兴北路社区,6100004382,20211222,1,2,0
108.959337,34.166289,吉泰路社?6100004623,20211222,2,2,0,
108.959337,34.166289,府东社区,6100004420,20211222,1,2,0
108.22019,34.165606,凤泉社区,#N/A,20211222,1,2,0
108.912224,34.16544,府北社区,6100004335,20211222,1,2,0
108.913136,34.165189,首帕张堡社区,6100004383,20211222,1,2,0
108.926888,34.165179,蒋家社区,6100004600,20211222,1,2,0
108.917675,34.164799,首帕张社?6100004407,20211222,1,2,0,
108.200175,34.163937,城西社区,6100003731,20211222,1,2,0
108.996198,34.163703,枣园社区,6100004648,20211222,1,2,0
108.945259,34.163353,北街社区,6100004551,20211222,1,2,0
108.923049,34.163158,广场社区,6100004337,20211222,1,2,0
108.910567,34.163046,智慧城社?6100004334,20211222,1,2,0,
108.929223,34.162889,广场北路社区,6100004352,20211222,1,2,0
109.307294,34.162541,长坪路社?6100016743,20211222,1,2,0,
108.970942,34.162252,飞天路社?6100004443,20211222,1,2,0,
108.890961,34.161797,居安路第二社?6100004743,20211222,1,2,0,
109.321377,34.161373,新民街社?6100016930,20211222,1,2,0,
108.878755,34.161364,樱花路社?6100004579,20211222,1,2,0,
109.312136,34.161195,蓝丰社区,6100016939,20211222,1,2,0
109.313356,34.160667,蓝关社区,6100016928,20211222,1,2,0
108.907109,34.160256,春天花园社区,6100004771,20211222,1,2,0
108.48047,34.160227,尚村社区,6100003626,20211222,1,2,0
108.869164,34.160205,郭杜北村社区,6100004705,20211222,2,2,0
108.868995,34.160203,羊村社区,6100248476,20211222,1,2,0
108.82714,34.159967,中祝社区,6100004742,20211222,1,2,0
108.967169,34.159783,航天基地,#N/A,20211222,1,2,0
108.943663,34.159399,新华街社?6100004626,20211222,1,2,0,
108.870075,34.159174,河池寨社?6100004430,20211222,1,2,0,
108.658144,34.159098,大王镇社?6100247023,20211222,1,2,0,
108.864614,34.15891,东街社区,6100247026,20211222,1,2,0
108.230483,34.158905,城东社区,6100003720,20211222,1,2,0
108.864933,34.158842,北街第一社区,#N/A,20211222,1,2,0
108.893552,34.158396,书香路社?6100004519,20211222,1,2,0,
108.835313,34.157565,东祝社区,6100004739,20211222,1,2,0
109.316274,34.157335,绿之圣社?6100016935,20211222,1,2,0,
108.202374,34.157142,淳风苑社?6100003719,20211222,1,2,0,
108.940203,34.157026,浐水源社?6100004411,20211222,1,2,0,
108.934795,34.156873,西长安街社区,6100004406,20211222,1,2,0
108.869559,34.15646,郭南社区,6100004442,20211222,1,2,0
108.952978,34.156278,航天聚福?#N/A,20211222,1,2,0,
108.940661,34.15621,青年街社?6100004545,20211222,2,2,0,
108.792155,34.156051,祝秦路社?6100004538,20211222,1,2,0,
108.943829,34.155924,友谊街社?6100004544,20211222,1,2,0,
109.319118,34.155887,县门街社?6100016933,20211222,1,2,0,
108.217968,34.15558,城中社区,6100003718,20211222,1,2,0
108.931175,34.155121,长乐社区,6100004543,20211222,1,2,0
108.969917,34.154731,东街社区,6100247026,20211222,1,2,0
108.926691,34.154043,毓秀园社?6100004384,20211222,1,2,0,
108.953299,34.152996,皇子坡社?6100004676,20211222,1,2,0,
109.000836,34.152944,西北社区,6100004644,20211222,1,2,0
108.933457,34.1521,长兴南路社区,6100004351,20211222,1,2,0
108.857684,34.151617,学府街社?6100004500,20211222,1,2,0,
108.207498,34.151464,云塔社区,6100003733,20211222,1,2,0
108.84165,34.150948,小仁社区,6100004703,20211222,1,2,0
108.91178,34.150213,崔家营社?6100004643,20211222,1,2,0,
108.907471,34.149575,鲁家湾社?6100004532,20211222,1,2,0,
108.96684,34.14768,西兆余社?6100004415,20211222,1,2,0,
108.899246,34.147461,温国堡社?6100004533,20211222,2,2,0,
108.889056,34.147193,岔道口村社区,#N/A,20211222,1,2,0
108.938932,34.145882,南街社区,6100004414,20211222,1,2,0
108.933696,34.144918,广场南路社区,6100004517,20211222,1,2,0
108.36409,34.142752,终南社区,6100003530,20211222,1,2,0
108.880634,34.142419,风林社区,6100004628,20211222,1,2,0
108.942129,34.1412,申店社区,6100248474,20211222,1,2,0
108.937295,34.141034,长安家园社区,6100004447,20211222,1,2,0
108.982301,34.139043,朱坡社区,6100004655,20211222,1,2,0
109.323286,34.138014,天鹅湖社?6100016784,20211222,1,2,0,
108.949805,34.137432,徐家寨社?6100004744,20211222,1,2,0,
108.917324,34.135523,任家寨社?6100004654,20211222,1,2,0,
109.056437,34.134993,北街社区,6100004551,20211222,1,2,0
108.91944,34.134083,杜永社区,6100004728,20211222,1,2,0
108.972092,34.132687,表厂社区,6100004629,20211222,1,2,0
108.808134,34.129889,兴隆社区,6100016441,20211222,1,3,0
108.805891,34.129227,三堰社区,6100004737,20211222,1,2,0
108.796077,34.128397,童家寨村,#N/A,20211222,1,2,0
109.333687,34.126105,大寨村委?#N/A,20211222,1,2,0,
109.109699,34.125103,南街社区,6100004414,20211222,1,2,0
108.830407,34.123705,堰渡?#N/A,20211222,1,2,0,
108.605268,34.1236,娄敬路社?6100004208,20211222,1,2,0,
108.822917,34.12046,甘河社区,6100004502,20211222,1,2,0
109.375561,34.118739,向阳路社?6100016934,20211222,1,2,0,
108.818836,34.114949,南堰社区,6100004445,20211222,1,2,0
108.617085,34.114297,画展街社?6100004123,20211222,1,2,0,
108.603745,34.113061,北街社区,6100004551,20211222,1,2,0
108.819022,34.112458,张王?#N/A,20211222,1,2,0,
108.621876,34.111556,人民路社?6100004322,20211222,1,2,0,
108.811685,34.11145,枣林寨村,6100004221,20211222,1,2,0
108.828204,34.11144,张牛?#N/A,20211222,1,2,0,
108.151131,34.110534,广济社区,6100003656,20211222,1,2,0
108.61263,34.109905,东新街社?6100004275,20211222,1,2,0,
108.818186,34.109215,张高?#N/A,20211222,1,2,0,
108.743716,34.109173,丰灵路社?6100004620,20211222,1,2,0,
108.613227,34.109007,丰京社区,6100004295,20211222,1,2,0
108.746734,34.108284,秦渡镇社?6100004223,20211222,1,2,0,
108.619657,34.107539,东街社区,6100247026,20211222,1,2,0
108.619657,34.107539,东街社区,6100247026,20211222,1,2,0
108.495247,34.10606,祖庵镇社?6100004218,20211222,1,2,0,
109.006428,34.10503,杜樊社区,6100004580,20211222,1,2,0
108.605537,34.098464,草堂社区,6100004276,20211222,1,2,0
108.328743,34.08844,楼观新镇社区,#N/A,20211222,1,2,0
108.786075,34.083222,五楼社区,6100004537,20211222,1,2,0
108.543893,34.080735,丈八寺南堡村委会,#N/A,20211222,1,2,0
109.108301,34.076742,鸿翔街社?6100004615,20211222,1,2,0,
108.967572,34.072005,光明路社?6100004549,20211222,1,2,0,
108.381416,34.071196,集贤社区,6100003619,20211222,1,2,0
108.195632,34.07111,马召社区,6100003607,20211222,1,2,0
108.326699,34.066465,楼观社区,6100003487,20211222,1,2,0
108.621865,34.065559,热电厂社?6100004085,20211222,1,2,0,
108.619852,34.065447,仪表厂社?6100004321,20211222,1,2,0,
108.627444,34.064179,陕西国防学院社区,6100004069,20211222,1,2,0
108.630399,34.063548,惠北社区,6100004224,20211222,1,2,0
108.900117,34.057889,西街社区,6100004367,20211222,1,2,0
108.908472,34.057185,北街社区,6100004551,20211222,1,2,0
108.908473,34.057128,中街社区,6100004550,20211222,1,2,0
108.771143,34.056784,温泉路社?6100004338,20211222,1,2,0,
108.628362,34.056388,惠南社区,6100004225,20211222,1,2,0
109.057232,34.056178,西王莽社?6100004490,20211222,1,2,0,
108.838877,34.049691,中心社区,6100004151,20211222,1,2,0
108.716805,34.047924,草堂镇社?6100004270,20211222,1,2,0,
108.616332,34.042735,银宁社区,6100004320,20211222,1,2,0
109.144698,34.041042,太兴社区,6100004413,20211222,1,2,0
108.974911,34.031724,西街社区,6100004367,20211222,1,2,0
108.920437,34.025396,正街社区,6100004552,20211222,1,2,0
109.006803,34.021825,四皓村委?#N/A,20211222,2,2,0,
